"id","slug","title","body","coverImage","categoryIDs","tagIDs"
"6790d7731633cbdb106e5a32","updated value","Latest Blog","This is the content of my first blog.","1737633371935-IMG-20241218-WA0000.jpg","[""605c72ef4d1f4b001f2e8c9a"",""605c72ef4d1f4b001f2e8c9b""]","[""605c72ef4d1f4b001f2e8c9c"",""605c72ef4d1f4b001f2e8c9d""]"
"6791c1c54af09932809fce91","my-second-blog","My Second Blog","This is the content of my second blog.",,"[""605c72ef4d1f4b001f2e8c9a"",""605c72ef4d1f4b001f2e8c9b""]","[""605c72ef4d1f4b001f2e8c9c"",""605c72ef4d1f4b001f2e8c9d""]"
"6791d0cd08e740864cc00831","Third","About my life ","This is the content of my blog.",,"[""605c72ef4d1f4b001f2e8c9a"",""605c72ef4d1f4b001f2e8c9b""]","[""605c72ef4d1f4b001f2e8c9c"",""605c72ef4d1f4b001f2e8c9d""]"
"6791d13d97b71e4fce679f5f","fourth","About my money ","This is the content of my money.",,"[""605c72ef4d1f4b001f2e8c9a"",""605c72ef4d1f4b001f2e8c9b""]","[""605c72ef4d1f4b001f2e8c9c"",""605c72ef4d1f4b001f2e8c9d""]"
"67932dcd3ad0d57d30a6c97b","natoque penatibus et magnis dis parturient montes nascetur ridiculus mus","Rank","cubilia curae nulla dapibus dolor vel est donec odio justo sollicitudin ut suscipit a feugiat et eros vestibulum ac",,"[""67922515fc13ae60f37955c1""]","[""67922515fc13ae60f37955c2""]"
"67932dcd3ad0d57d30a6c97c","morbi ut odio cras mi","Subin","morbi sem mauris laoreet ut rhoncus aliquet pulvinar sed nisl nunc rhoncus dui vel sem sed sagittis nam",,"[""67922515fc13ae60f37955c3""]","[""67922515fc13ae60f37955c4""]"
"67932dcd3ad0d57d30a6c97d","odio porttitor id consequat in","Temp","curae duis faucibus accumsan odio curabitur convallis duis consequat dui nec nisi volutpat eleifend donec ut dolor",,"[""67922515fc13ae60f37955c5""]","[""67922515fc13ae60f37955c6""]"
"67932dcd3ad0d57d30a6c97e","integer tincidunt ante vel ipsum praesent blandit lacinia erat vestibulum","Bitwolf","augue vestibulum ante ipsum primis in faucibus orci luctus et ultrices posuere cubilia curae donec pharetra magna",,"[""67922515fc13ae60f37955c7""]","[""67922515fc13ae60f37955c8""]"
"67932dcd3ad0d57d30a6c97f","libero convallis eget eleifend luctus","Cardguard","justo sollicitudin ut suscipit a feugiat et eros vestibulum ac est lacinia nisi venenatis tristique fusce",,"[""67922515fc13ae60f37955c9""]","[""67922515fc13ae60f37955ca""]"
"67932dcd3ad0d57d30a6c980","purus sit amet nulla quisque arcu libero rutrum","Alpha","erat vestibulum sed magna at nunc commodo placerat praesent blandit nam nulla integer pede justo lacinia eget tincidunt",,"[""67922515fc13ae60f37955cb""]","[""67922515fc13ae60f37955cc""]"
"67932dcd3ad0d57d30a6c981","amet turpis elementum ligula vehicula consequat","Sonair","vulputate ut ultrices vel augue vestibulum ante ipsum primis in faucibus orci luctus et ultrices posuere",,"[""67922515fc13ae60f37955cd""]","[""67922515fc13ae60f37955ce""]"
"67932dcd3ad0d57d30a6c982","lorem integer tincidunt ante vel ipsum praesent blandit","Subin","orci nullam molestie nibh in lectus pellentesque at nulla suspendisse potenti cras in purus eu magna vulputate luctus cum sociis",,"[""67922515fc13ae60f37955cf""]","[""67922515fc13ae60f37955d0""]"
"67932dcd3ad0d57d30a6c983","luctus ultricies eu nibh quisque id justo sit amet","Lotlux","volutpat convallis morbi odio odio elementum eu interdum eu tincidunt in leo maecenas pulvinar lobortis",,"[""67922515fc13ae60f37955d1""]","[""67922515fc13ae60f37955d2""]"
"67932dcd3ad0d57d30a6c984","aliquam quis turpis eget elit sodales scelerisque mauris sit amet","Cardguard","nisl aenean lectus pellentesque eget nunc donec quis orci eget orci vehicula condimentum curabitur in",,"[""67922515fc13ae60f37955d3""]","[""67922515fc13ae60f37955d4""]"
"67932dcd3ad0d57d30a6c985","rutrum neque aenean auctor gravida sem praesent","Viva","risus auctor sed tristique in tempus sit amet sem fusce consequat nulla nisl nunc nisl",,"[""67922515fc13ae60f37955d5""]","[""67922515fc13ae60f37955d6""]"
"67932dcd3ad0d57d30a6c986","non mauris morbi non lectus aliquam sit","Zontrax","venenatis tristique fusce congue diam id ornare imperdiet sapien urna pretium nisl ut volutpat sapien arcu sed augue aliquam",,"[""67922515fc13ae60f37955d7""]","[""67922515fc13ae60f37955d8""]"
"67932dcd3ad0d57d30a6c987","vestibulum ante ipsum primis in faucibus orci luctus","Cookley","orci luctus et ultrices posuere cubilia curae mauris viverra diam vitae quam suspendisse potenti nullam",,"[""67922515fc13ae60f37955d9""]","[""67922515fc13ae60f37955da""]"
"67932dcd3ad0d57d30a6c988","lectus aliquam sit amet diam in magna","Lotlux","luctus et ultrices posuere cubilia curae nulla dapibus dolor vel est donec odio justo sollicitudin",,"[""67922515fc13ae60f37955db""]","[""67922515fc13ae60f37955dc""]"
"67932dcd3ad0d57d30a6c989","in porttitor pede justo eu massa donec dapibus duis","Otcom","lectus suspendisse potenti in eleifend quam a odio in hac habitasse platea dictumst maecenas ut massa quis augue luctus",,"[""67922515fc13ae60f37955dd""]","[""67922515fc13ae60f37955de""]"