slug,title,body,categoryIDs,tagIDs
natoque penatibus et magnis dis parturient montes nascetur ridiculus mus,Rank,cubilia curae nulla dapibus dolor vel est donec odio justo sollicitudin ut suscipit a feugiat et eros vestibulum ac,67922515fc13ae60f37955c1,67922515fc13ae60f37955c2
morbi ut odio cras mi,Subin,morbi sem mauris laoreet ut rhoncus aliquet pulvinar sed nisl nunc rhoncus dui vel sem sed sagittis nam,67922515fc13ae60f37955c3,67922515fc13ae60f37955c4
odio porttitor id consequat in,Temp,curae duis faucibus accumsan odio curabitur convallis duis consequat dui nec nisi volutpat eleifend donec ut dolor,67922515fc13ae60f37955c5,67922515fc13ae60f37955c6
integer tincidunt ante vel ipsum praesent blandit lacinia erat vestibulum,Bitwolf,augue vestibulum ante ipsum primis in faucibus orci luctus et ultrices posuere cubilia curae donec pharetra magna,67922515fc13ae60f37955c7,67922515fc13ae60f37955c8
libero convallis eget eleifend luctus,Cardguard,justo sollicitudin ut suscipit a feugiat et eros vestibulum ac est lacinia nisi venenatis tristique fusce,67922515fc13ae60f37955c9,67922515fc13ae60f37955ca
purus sit amet nulla quisque arcu libero rutrum,Alpha,erat vestibulum sed magna at nunc commodo placerat praesent blandit nam nulla integer pede justo lacinia eget tincidunt,67922515fc13ae60f37955cb,67922515fc13ae60f37955cc
amet turpis elementum ligula vehicula consequat,Sonair,vulputate ut ultrices vel augue vestibulum ante ipsum primis in faucibus orci luctus et ultrices posuere,67922515fc13ae60f37955cd,67922515fc13ae60f37955ce
lorem integer tincidunt ante vel ipsum praesent blandit,Subin,orci nullam molestie nibh in lectus pellentesque at nulla suspendisse potenti cras in purus eu magna vulputate luctus cum sociis,67922515fc13ae60f37955cf,67922515fc13ae60f37955d0
luctus ultricies eu nibh quisque id justo sit amet,Lotlux,volutpat convallis morbi odio odio elementum eu interdum eu tincidunt in leo maecenas pulvinar lobortis,67922515fc13ae60f37955d1,67922515fc13ae60f37955d2
aliquam quis turpis eget elit sodales scelerisque mauris sit amet,Cardguard,nisl aenean lectus pellentesque eget nunc donec quis orci eget orci vehicula condimentum curabitur in,67922515fc13ae60f37955d3,67922515fc13ae60f37955d4
rutrum neque aenean auctor gravida sem praesent,Viva,risus auctor sed tristique in tempus sit amet sem fusce consequat nulla nisl nunc nisl,67922515fc13ae60f37955d5,67922515fc13ae60f37955d6
non mauris morbi non lectus aliquam sit,Zontrax,venenatis tristique fusce congue diam id ornare imperdiet sapien urna pretium nisl ut volutpat sapien arcu sed augue aliquam,67922515fc13ae60f37955d7,67922515fc13ae60f37955d8
vestibulum ante ipsum primis in faucibus orci luctus,Cookley,orci luctus et ultrices posuere cubilia curae mauris viverra diam vitae quam suspendisse potenti nullam,67922515fc13ae60f37955d9,67922515fc13ae60f37955da
lectus aliquam sit amet diam in magna,Lotlux,luctus et ultrices posuere cubilia curae nulla dapibus dolor vel est donec odio justo sollicitudin,67922515fc13ae60f37955db,67922515fc13ae60f37955dc
in porttitor pede justo eu massa donec dapibus duis,Otcom,lectus suspendisse potenti in eleifend quam a odio in hac habitasse platea dictumst maecenas ut massa quis augue luctus,67922515fc13ae60f37955dd,67922515fc13ae60f37955de
